No,Location_Vaname_Aquaculture,Latitude,Longitude,District,Sub-district,Photo_code
1,1,-0.941178,120.285789,Parigi Moutong,Parigi Selatan,https://kiprahagroforestri.id/wp-content/uploads/2025/12/Lbv_d1_-1.jpg
2,2,-0.941148,120.286084,Parigi Moutong,Torue,https://kiprahagroforestri.id/wp-content/uploads/2025/12/Lbv_d1_-2.jpg
3,3,-0.936452,120.283093,Parigi Moutong,Parigi Selatan,https://kiprahagroforestri.id/wp-content/uploads/2025/12/Lbv_d1_-3.jpg
4,4,-0.93363,120.282621,Parigi Moutong,Parigi Selatan,https://kiprahagroforestri.id/wp-content/uploads/2025/12/Lbv_d1_-4.jpg
5,5,-0.941175,120.285954,Parigi Moutong,Torue,https://kiprahagroforestri.id/wp-content/uploads/2025/12/Lbv_d1_-5.jpg
6,6,-0.96147,120.334811,Parigi Moutong,Torue,https://kiprahagroforestri.id/wp-content/uploads/2025/12/Lbv_d1_-6.jpg
7,7,-0.952468,120.362673,Parigi Moutong,Balinggi,https://kiprahagroforestri.id/wp-content/uploads/2025/12/Lbv_d1_-7.jpg
8,8,-0.850675,120.210894,Parigi Moutong,Parigi Selatan,https://kiprahagroforestri.id/wp-content/uploads/2025/12/Lbv_d1_-8.jpg
9,9,-0.852213,120.223369,Parigi Moutong,Parigi Selatan,https://kiprahagroforestri.id/wp-content/uploads/2025/12/Lbv_d1_-9.jpg
10,10,-0.856125,120.226121,Parigi Moutong,Parigi Selatan,https://kiprahagroforestri.id/wp-content/uploads/2025/12/Lbv_d1_-10.jpg
11,11,-0.834548,120.183815,Parigi Moutong,Parigi,https://kiprahagroforestri.id/wp-content/uploads/2025/12/Lbv_d1_-11.jpg
12,12,-0.795701,120.170177,Parigi Moutong,Parigi,https://kiprahagroforestri.id/wp-content/uploads/2025/12/Lbv_d1_-12.jpg
13,13,-1.086606,120.556335,Parigi Moutong,Sausu,https://kiprahagroforestri.id/wp-content/uploads/2025/12/Lbv_d1_-13.jpg
14,14,-1.007878,120.503792,Parigi Moutong,Sausu,https://kiprahagroforestri.id/wp-content/uploads/2025/12/Lbv_d1_-14.jpg
15,15,-0.960107,120.428423,Parigi Moutong,Balinggi,https://kiprahagroforestri.id/wp-content/uploads/2025/12/Lbv_d1_-15.jpg
16,16,-1.041937,120.527205,Parigi Moutong,Sausu,https://kiprahagroforestri.id/wp-content/uploads/2025/12/Lbv_d1_-16.jpg
17,17,-1.032726,120.52609,Parigi Moutong,Sausu,https://kiprahagroforestri.id/wp-content/uploads/2025/12/Lbv_d1_-17.jpg
18,18,-1.00806,120.503633,Parigi Moutong,Sausu,https://kiprahagroforestri.id/wp-content/uploads/2025/12/Lbv_d1_-18.jpg
19,19,-1.075882,120.547461,Parigi Moutong,Suasu,https://kiprahagroforestri.id/wp-content/uploads/2025/12/Lbv_d1_-19.jpg
20,20,-1.043775,120.525615,Parigi Moutong,Sausu,https://kiprahagroforestri.id/wp-content/uploads/2025/12/Lbv_d1_-20.jpg
21,21,-0.43994,120.069693,Parigi Moutong,Ampibabo,https://kiprahagroforestri.id/wp-content/uploads/2025/12/Lbv_d3_-1.jpg
22,22,-0.416419,120.049603,Parigi Moutong,Ampibabo,https://kiprahagroforestri.id/wp-content/uploads/2025/12/Lbv_d3_-2.jpg
23,23,-0.399192,120.046979,Parigi Moutong,Ampibabo,https://kiprahagroforestri.id/wp-content/uploads/2025/12/Lbv_d3_-3.jpg
24,24,-0.398192,120.045058,Parigi Moutong,Ampibabo,https://kiprahagroforestri.id/wp-content/uploads/2025/12/Lbv_d3_-4.jpg
25,25,-0.381932,120.036734,Parigi Moutong,Toribulu,https://kiprahagroforestri.id/wp-content/uploads/2025/12/Lbv_d3_-5.jpg
26,26,-0.387992,120.03921,Parigi Moutong,Toribulu,https://kiprahagroforestri.id/wp-content/uploads/2025/12/Lbv_d3_-6.jpg
27,27,-0.280294,120.006645,Parigi Moutong,Toribulu,https://kiprahagroforestri.id/wp-content/uploads/2025/12/Lbv_d3_-7.jpg
28,28,-0.272207,120.005633,Parigi Moutong,Toribulu,https://kiprahagroforestri.id/wp-content/uploads/2025/12/Lbv_d3_-8.jpg
29,29,-0.25842,120.004877,Parigi Moutong,Toribulu,https://kiprahagroforestri.id/wp-content/uploads/2025/12/Lbv_d3_-9.jpg
30,30,-0.247338,120.006555,Parigi Moutong,Kasimbar,https://kiprahagroforestri.id/wp-content/uploads/2025/12/Lbv_d3_-10.jpg
31,31,-0.173048,120.012336,Parigi Moutong,Kasimbar,https://kiprahagroforestri.id/wp-content/uploads/2025/12/Lbv_d3_-11.jpg
32,32,-0.082478,120.028487,Parigi Moutong,Tinombo selatan,https://kiprahagroforestri.id/wp-content/uploads/2025/12/Lbv_d3_-12.jpg
33,33,-0.05598,120.0524,Parigi Moutong,Tinombo selatan,https://kiprahagroforestri.id/wp-content/uploads/2025/12/Lbv_d3_-13.jpg
34,34,-0.009331,120.09782,Parigi Moutong,Tinombo selatan,https://kiprahagroforestri.id/wp-content/uploads/2025/12/Lbv_d3_-14.jpg
35,35,-0.008472,120.099026,Parigi Moutong,Tinombo selatan,https://kiprahagroforestri.id/wp-content/uploads/2025/12/Lbv_d3_-15.jpg
36,36,0.133003,120.132037,Parigi Moutong,Tinombo selatan,https://kiprahagroforestri.id/wp-content/uploads/2025/12/Lbv_d3_-16.jpg
37,37,-0.293365,120.010694,Parigi Moutong,Toribulu,https://kiprahagroforestri.id/wp-content/uploads/2025/12/Lbv_d3_-17.jpg
38,38,-0.416906,120.049922,Parigi Moutong,Ampibabo,https://kiprahagroforestri.id/wp-content/uploads/2025/12/Lbv_d3_-18.jpg
39,39,-0.398821,120.048329,Parigi Moutong,Ampibabo,https://kiprahagroforestri.id/wp-content/uploads/2025/12/Lbv_d3_-19.jpg
40,40,-0.341191,120.030788,Parigi Moutong,Toribulu,https://kiprahagroforestri.id/wp-content/uploads/2025/12/Lbv_d3_-20.jpg
41,41,-0.188755,120.004915,Parigi Moutong,Kasimbar,https://kiprahagroforestri.id/wp-content/uploads/2025/12/Lbv_d3_-21.jpg
42,42,-0.359942,120.030244,Parigi Moutong,Toribulu,https://kiprahagroforestri.id/wp-content/uploads/2025/12/Lbv_d3_-22.jpg
43,43,-0.170273,120.013948,Parigi Moutong,Kasimbar,https://kiprahagroforestri.id/wp-content/uploads/2025/12/Lbv_d3_-23.jpg
44,44,-0.080475,120.029202,Parigi Moutong,Kasimbar,https://kiprahagroforestri.id/wp-content/uploads/2025/12/Lbv_d3_-24.jpg
45,45,-0.06866,120.031275,Parigi Moutong,Kasimbar,https://kiprahagroforestri.id/wp-content/uploads/2025/12/Lbv_d3_-25.jpg
46,46,-0.052768,120.042397,Parigi Moutong,Kasimbar,https://kiprahagroforestri.id/wp-content/uploads/2025/12/Lbv_d3_-26.jpg
47,47,0.00647,120.101977,Parigi Moutong,Tinombo selatan,https://kiprahagroforestri.id/wp-content/uploads/2025/12/Lbv_d3_-27.jpg
48,48,0.029094,120.09789,Parigi Moutong,Tinombo selatan,https://kiprahagroforestri.id/wp-content/uploads/2025/12/Lbv_d3_-28.jpg
49,49,0.043273,120.10364,Parigi Moutong,Tinombo selatan,https://kiprahagroforestri.id/wp-content/uploads/2025/12/Lbv_d3_-29.jpg
50,50,0.104659,120.110825,Parigi Moutong,Tinombo selatan,https://kiprahagroforestri.id/wp-content/uploads/2025/12/Lbv_d3_-30.jpg
51,51,0.14867,120.13075,Parigi Moutong,Tinombo selatan,https://kiprahagroforestri.id/wp-content/uploads/2025/12/Lbv_d3_-31.jpg
52,52,0.523935,120.608933,Parigi Moutong,Tomini,https://kiprahagroforestri.id/wp-content/uploads/2025/12/Lbv_d4_-1.jpg
53,53,0.43027,120.985286,Parigi Moutong,Lambunu,https://kiprahagroforestri.id/wp-content/uploads/2025/12/Lbv_d4_-2.jpg
54,54,0.403261,120.291153,Parigi Moutong,Tinombo,https://kiprahagroforestri.id/wp-content/uploads/2025/12/Lbv_d4_-3.jpg
55,55,0.514647,120.683808,Parigi Moutong,Mepanga,https://kiprahagroforestri.id/wp-content/uploads/2025/12/Lbv_d4_-4.jpg
56,56,0.492437,120.714578,Parigi Moutong,Mepanga,https://kiprahagroforestri.id/wp-content/uploads/2025/12/Lbv_d4_-5.jpg
57,57,0.492141,120.719486,Parigi Moutong,Mepanga,https://kiprahagroforestri.id/wp-content/uploads/2025/12/Lbv_d4_-6.jpg
58,58,0.472655,120.795722,Parigi Moutong,Ongka malino,https://kiprahagroforestri.id/wp-content/uploads/2025/12/Lbv_d4_-7.jpg
59,59,0.427908,120.952036,Parigi Moutong,Bolano,https://kiprahagroforestri.id/wp-content/uploads/2025/12/Lbv_d4_-8.jpg
60,60,0.426855,120.950753,Parigi Moutong,Bolano,https://kiprahagroforestri.id/wp-content/uploads/2025/12/Lbv_d4_-9.jpg
61,61,0.450272,120.997937,Parigi Moutong,Lambunu,https://kiprahagroforestri.id/wp-content/uploads/2025/12/Lbv_d4_-10.jpg
62,62,0.343457,120.239392,Parigi Moutong,Tinombo,https://kiprahagroforestri.id/wp-content/uploads/2025/12/Lbv_d4_-11.jpg
63,63,0.316168,120.228833,Parigi Moutong,Tinombo,https://kiprahagroforestri.id/wp-content/uploads/2025/12/Lbv_d4_-12.jpg
64,64,0.364923,120.263457,Parigi Moutong,Tinombo,https://kiprahagroforestri.id/wp-content/uploads/2025/12/Lbv_d4_-13.jpg
65,65,0.38061,120.280968,Parigi Moutong,Tinombo,https://kiprahagroforestri.id/wp-content/uploads/2025/12/Lbv_d4_-14.jpg
66,66,0.523252,120.645563,Parigi Moutong,Mepanga,https://kiprahagroforestri.id/wp-content/uploads/2025/12/Lbv_d4_-15.jpg
67,67,0.514562,120.691585,Parigi Moutong,Mepanga,https://kiprahagroforestri.id/wp-content/uploads/2025/12/Lbv_d4_-16.jpg
68,68,0.489943,121.329374,Parigi Moutong,Moutong,https://kiprahagroforestri.id/wp-content/uploads/2025/12/Lbv_d4_-17.jpg
69,69,0.493805,121.324227,Parigi Moutong,Moutong,https://kiprahagroforestri.id/wp-content/uploads/2025/12/Lbv_d4_-18.jpg
70,70,0.492227,121.304364,Parigi Moutong,Moutong,https://kiprahagroforestri.id/wp-content/uploads/2025/12/Lbv_d4_-19.jpg
71,71,0.495213,121.267456,Parigi Moutong,Moutong,https://kiprahagroforestri.id/wp-content/uploads/2025/12/Lbv_d4_-20.jpg
72,72,0.488941,121.25362,Parigi Moutong,Moutong,https://kiprahagroforestri.id/wp-content/uploads/2025/12/Lbv_d4_-21.jpg
73,73,0.463702,121.211563,Parigi Moutong,Moutong,https://kiprahagroforestri.id/wp-content/uploads/2025/12/Lbv_d4_-22.jpg
74,74,0.463549,121.189323,Parigi Moutong,Moutong,https://kiprahagroforestri.id/wp-content/uploads/2025/12/Lbv_d4_-23.jpg
75,75,0.464425,121.180587,Parigi Moutong,Moutong,https://kiprahagroforestri.id/wp-content/uploads/2025/12/Lbv_d4_-24.jpg
76,76,0.44415,121.150648,Parigi Moutong,Moutong,https://kiprahagroforestri.id/wp-content/uploads/2025/12/Lbv_d4_-25.jpg
77,77,0.431532,121.134321,Parigi Moutong,Moutong,https://kiprahagroforestri.id/wp-content/uploads/2025/12/Lbv_d4_-26.jpg
78,78,0.418953,121.141216,Parigi Moutong,Moutong,https://kiprahagroforestri.id/wp-content/uploads/2025/12/Lbv_d4_-27.jpg
79,79,0.44646,121.02947,Parigi Moutong,Taopa,https://kiprahagroforestri.id/wp-content/uploads/2025/12/Lbv_d4_-28.jpg
80,80,0.445602,121.021395,Parigi Moutong,Lambunu,https://kiprahagroforestri.id/wp-content/uploads/2025/12/Lbv_d4_-29.jpg
81,81,0.449316,120.997388,Parigi Moutong,Lambunu,https://kiprahagroforestri.id/wp-content/uploads/2025/12/Lbv_d4_-30.jpg
82,82,0.421607,121.048267,Parigi Moutong,Taopa,https://kiprahagroforestri.id/wp-content/uploads/2025/12/Lbv_d4_-31.jpg
83,83,0.431087,121.041501,Parigi Moutong,Taopa,https://kiprahagroforestri.id/wp-content/uploads/2025/12/Lbv_d4_-32.jpg
84,84,0.417832,121.052802,Parigi Moutong,Taopa,https://kiprahagroforestri.id/wp-content/uploads/2025/12/Lbv_d4_-33.jpg
85,85,0.412132,121.077655,Parigi Moutong,Taopa,https://kiprahagroforestri.id/wp-content/uploads/2025/12/Lbv_d4_-34.jpg
86,86,0.419535,121.121477,Parigi Moutong,Taopa,https://kiprahagroforestri.id/wp-content/uploads/2025/12/Lbv_d4_-35.jpg
87,87,0.450438,121.041904,Parigi Moutong,Taopa,https://kiprahagroforestri.id/wp-content/uploads/2025/12/Lbv_d4_-36.jpg
88,88,0.446533,121.029528,Parigi Moutong,Lambunu,https://kiprahagroforestri.id/wp-content/uploads/2025/12/Lbv_d4_-37.jpg
89,89,0.445556,121.021367,Parigi Moutong,Lambunu,https://kiprahagroforestri.id/wp-content/uploads/2025/12/Lbv_d4_-38.jpg
90,90,0.743611,120.135054,Donggala,Sojol Utara,https://kiprahagroforestri.id/wp-content/uploads/2025/12/Lbv_d6_-1.jpg
91,91,0.743815,120.134114,Donggala,Sojol Utara,https://kiprahagroforestri.id/wp-content/uploads/2025/12/Lbv_d6_-2.jpg
92,92,0.659876,120.01822,Donggala,Sojol Utara,https://kiprahagroforestri.id/wp-content/uploads/2025/12/Lbv_d6_-3.jpg
93,93,0.742728,120.100898,Donggala,Sojol Utara,https://kiprahagroforestri.id/wp-content/uploads/2025/12/Lbv_d6_-4.jpg
94,94,0.736857,120.087267,Donggala,Sojol Utara,https://kiprahagroforestri.id/wp-content/uploads/2025/12/Lbv_d6_-5.jpg
95,95,0.582158,120.038944,Donggala,Sojol,https://kiprahagroforestri.id/wp-content/uploads/2025/12/Lbv_d6_-6.jpg
96,96,0.575286,120.04185,Donggala,Sojol,https://kiprahagroforestri.id/wp-content/uploads/2025/12/Lbv_d6_-7.jpg
97,97,0.505836,120.05877,Donggala,Sojol,https://kiprahagroforestri.id/wp-content/uploads/2025/12/Lbv_d6_-8.jpg
98,98,0.48834,120.016413,Donggala,Sojol,https://kiprahagroforestri.id/wp-content/uploads/2025/12/Lbv_d6_-9.jpg
99,99,0.479165,119.99833,Donggala,Sojol,https://kiprahagroforestri.id/wp-content/uploads/2025/12/Lbv_d6_-10.jpg
100,100,0.478548,119.981598,Donggala,Sojol,https://kiprahagroforestri.id/wp-content/uploads/2025/12/Lbv_d6_-11.jpg
101,101,0.246787,119.901044,Donggala,Damsol,https://kiprahagroforestri.id/wp-content/uploads/2025/12/Lbv_d6_-12.jpg
102,102,0.246826,119.901043,Donggala,Damsol,https://kiprahagroforestri.id/wp-content/uploads/2025/12/Lbv_d6_-13.jpg
103,103,0.239094,119.902431,Donggala,Damsol,https://kiprahagroforestri.id/wp-content/uploads/2025/12/Lbv_d6_-14.jpg
104,104,-0.797994,119.872998,Donggala,Palu Utara,https://kiprahagroforestri.id/wp-content/uploads/2025/12/Lbv_d6_-15.jpg
105,105,-0.78751,119.653287,Donggala,Banawa Selatan,https://kiprahagroforestri.id/wp-content/uploads/2025/12/Lbv_d6_-16.jpg
106,106,-0.824772,119.621179,Donggala,Banawa Selatan,https://kiprahagroforestri.id/wp-content/uploads/2025/12/Lbv_d6_-17.jpg
107,107,-0.829086,119.623281,Donggala,Banawa Selatan,https://kiprahagroforestri.id/wp-content/uploads/2025/12/Lbv_d6_-18.jpg
108,108,-0.841624,119.62088,Donggala,Banawa Selatan,https://kiprahagroforestri.id/wp-content/uploads/2025/12/Lbv_d6_-19.jpg
109,109,-0.840771,119.604668,Donggala,Banawa Selatan,https://kiprahagroforestri.id/wp-content/uploads/2025/12/Lbv_d6_-20.jpg
110,110,-0.843473,119.60695,Donggala,Banawa Selatan,https://kiprahagroforestri.id/wp-content/uploads/2025/12/Lbv_d6_-21.jpg
111,111,-0.857372,119.578318,Donggala,Banawa Selatan,https://kiprahagroforestri.id/wp-content/uploads/2025/12/Lbv_d6_-22.jpg
112,112,-0.85062,119.56533,Donggala,Banawa Selatan,https://kiprahagroforestri.id/wp-content/uploads/2025/12/Lbv_d6_-23.jpg
113,113,-0.840609,119.604872,Donggala,Banawa Selatan,https://kiprahagroforestri.id/wp-content/uploads/2025/12/Lbv_d6_-24.jpg
114,114,-0.850594,119.569137,Donggala,Banawa Selatan,https://kiprahagroforestri.id/wp-content/uploads/2025/12/Lbv_d6_-25.jpg
